model,regime,variant,n_seeds,mse_mean,mse_std,mae_mean,mae_std,r2_mean,r2_std,pearson_mean,pearson_std,mse_v0_tw,mae_v0_tw,count_v0_total,mse_v0_samp,mae_v0_samp,mse_v1_tw,mae_v1_tw,count_v1_total,mse_v1_samp,mae_v1_samp,mse_v2_tw,mae_v2_tw,count_v2_total,mse_v2_samp,mae_v2_samp,wall_fit_sec_mean,n_params
mamba_mv,multisin_high_irreg,additive,5,0.026091,0.002063,0.118871,0.005549,0.410601,0.04342,0.648773,0.026235,0.028124,0.122708,24335.0,0.028159,0.122683,0.029991,0.126473,24335.0,0.02986,0.126148,0.020157,0.107432,24335.0,0.020211,0.107537,224.3,7789395
mamba_mv,multisin_high_irreg,learned,5,0.025618,0.001798,0.118237,0.004684,0.416963,0.037386,0.656223,0.022692,0.027375,0.121619,24335.0,0.027358,0.12149,0.029215,0.125034,24335.0,0.029037,0.124569,0.020263,0.108059,24335.0,0.020294,0.108098,217.0,7789395
mamba_mv,multisin_high_irreg,replace,5,0.020377,0.001743,0.103613,0.007342,0.526177,0.041273,0.72611,0.027967,0.021687,0.105937,24335.0,0.021759,0.106008,0.023093,0.109175,24335.0,0.023037,0.108997,0.016351,0.095728,24335.0,0.016377,0.095794,212.1,7789395
mamba_mv,multisin_low_irreg,additive,5,0.02356,0.000688,0.11123,0.002912,0.440162,0.017758,0.667739,0.015911,0.025622,0.116491,24465.0,0.025598,0.116533,0.026757,0.116724,24465.0,0.027131,0.117543,0.018302,0.100477,24465.0,0.018357,0.10057,216.4,7789395
mamba_mv,multisin_low_irreg,learned,5,0.022479,0.001695,0.106416,0.004122,0.468081,0.038502,0.685534,0.023543,0.025346,0.113412,24465.0,0.025291,0.113421,0.024729,0.109906,24465.0,0.025083,0.110649,0.017362,0.095931,24465.0,0.017427,0.096039,225.7,7789395
mamba_mv,multisin_low_irreg,replace,5,0.019181,0.001704,0.094744,0.004771,0.54318,0.039059,0.745358,0.026181,0.021673,0.09931,24465.0,0.021537,0.099144,0.020671,0.096655,24465.0,0.021066,0.097516,0.0152,0.088268,24465.0,0.015282,0.088472,243.2,7789395
mamba_mv,multisin_med_irreg,additive,5,0.026252,0.000601,0.119277,0.002394,0.378261,0.014761,0.619856,0.010293,0.029561,0.126654,24165.0,0.029469,0.126411,0.029114,0.124702,24165.0,0.029402,0.12538,0.020081,0.106475,24165.0,0.020115,0.106603,213.9,7789395
mamba_mv,multisin_med_irreg,learned,5,0.024953,0.001238,0.116778,0.004685,0.402693,0.030978,0.642668,0.023714,0.02816,0.124522,24165.0,0.028123,0.124388,0.027793,0.121899,24165.0,0.028191,0.122844,0.018905,0.103912,24165.0,0.019009,0.10415,212.6,7789395
mamba_mv,multisin_med_irreg,replace,5,0.022606,0.002826,0.109567,0.008645,0.452061,0.066192,0.677336,0.051275,0.024707,0.115026,24165.0,0.024802,0.115207,0.025326,0.114011,24165.0,0.025627,0.114805,0.017786,0.099663,24165.0,0.017914,0.100032,215.5,7789395
mamba_mv,multisin_regular,additive,5,0.000801,0.000104,0.02055,0.001064,0.979472,0.002585,0.990088,0.001255,0.000537,0.017253,24000.0,0.000537,0.017253,0.000631,0.017955,24000.0,0.000631,0.017955,0.001235,0.026441,24000.0,0.001235,0.026441,315.4,7789395
mamba_mv,multisin_regular,learned,5,0.00081,6.9e-05,0.020621,0.000837,0.978983,0.001954,0.989843,0.000968,0.000527,0.017214,24000.0,0.000527,0.017214,0.000633,0.017969,24000.0,0.000633,0.017969,0.00127,0.026678,24000.0,0.00127,0.026678,313.2,7789395
mamba_mv,multisin_regular,replace,5,0.000994,0.000165,0.02273,0.001505,0.974643,0.003975,0.987775,0.001928,0.000665,0.019142,24000.0,0.000665,0.019142,0.000846,0.020314,24000.0,0.000846,0.020314,0.001472,0.028733,24000.0,0.001472,0.028733,309.2,7789395
mtan,multisin_high_irreg,default,5,0.044316,5.3e-05,0.178596,0.000121,-0.014309,0.001018,0.001821,0.010611,0.050954,0.193158,24335.0,0.051221,0.193808,0.049675,0.19157,24335.0,0.049536,0.191237,0.032319,0.151059,24335.0,0.032331,0.151107,53.4,121649
mtan,multisin_low_irreg,default,5,0.04306,3.3e-05,0.175673,0.000101,-0.007748,0.000665,0.007837,0.005195,0.050214,0.192055,24465.0,0.050127,0.191891,0.047687,0.186552,24465.0,0.047635,0.186516,0.031278,0.148413,24465.0,0.031183,0.148209,54.2,121649
mtan,multisin_med_irreg,default,5,0.042502,2e-05,0.174445,6e-05,-0.009615,0.00035,-0.001134,0.01279,0.049031,0.189768,24165.0,0.049137,0.18982,0.047471,0.185733,24165.0,0.048015,0.186888,0.031005,0.147832,24165.0,0.031236,0.148398,49.9,121649
mtan,multisin_regular,default,5,0.043733,5.1e-05,0.177005,0.000138,-0.004398,0.001036,0.001302,0.00655,0.050663,0.192845,24000.0,0.050663,0.192845,0.048686,0.188494,24000.0,0.048686,0.188494,0.031851,0.149675,24000.0,0.031851,0.149675,56.6,121649
romae,multisin_high_irreg,default,5,0.015193,0.017207,0.081916,0.058498,0.647986,0.391279,0.722685,0.407948,0.015912,0.081568,24335.0,0.01605,0.081937,0.016838,0.083874,24335.0,0.016863,0.083988,0.012828,0.080306,24335.0,0.012871,0.080464,276.3,7803073
romae,multisin_low_irreg,default,5,0.026379,0.018499,0.120092,0.062482,0.380033,0.429659,0.462928,0.460011,0.028348,0.122871,24465.0,0.028253,0.122648,0.029559,0.126003,24465.0,0.02964,0.126292,0.02123,0.111401,24465.0,0.021178,0.111344,230.3,7803073
romae,multisin_med_irreg,default,5,0.029922,0.016446,0.132574,0.055504,0.288943,0.388599,0.381834,0.414755,0.032986,0.139016,24165.0,0.033041,0.139103,0.033636,0.139988,24165.0,0.033991,0.140791,0.023145,0.118715,24165.0,0.02331,0.119178,243.9,7803073
romae,multisin_regular,default,5,0.014414,0.008252,0.081045,0.032648,0.664457,0.191075,0.804852,0.1179,0.011864,0.069711,24000.0,0.011864,0.069711,0.015109,0.079044,24000.0,0.015109,0.079044,0.016269,0.094379,24000.0,0.016269,0.094379,312.5,7803073
s5,multisin_high_irreg,default,5,0.012507,0.003982,0.08375,0.014732,0.698744,0.093077,0.839974,0.055407,0.01095,0.078831,24335.0,0.011026,0.079098,0.011789,0.080097,24335.0,0.011778,0.080067,0.014781,0.09232,24335.0,0.014767,0.092243,669.3,1395969
s5,multisin_low_irreg,default,5,0.016062,0.00312,0.097263,0.01072,0.604292,0.073642,0.779128,0.047475,0.015801,0.096463,24465.0,0.01576,0.096325,0.015427,0.09438,24465.0,0.015489,0.094568,0.016959,0.100945,24465.0,0.016955,0.100971,667.2,1395969
s5,multisin_med_irreg,default,5,0.018154,0.010416,0.100938,0.03346,0.549526,0.25377,0.731142,0.178695,0.018434,0.101437,24165.0,0.018469,0.101557,0.018242,0.099231,24165.0,0.018442,0.099851,0.017785,0.102146,24165.0,0.017807,0.102244,668.3,1395969
s5,multisin_regular,default,5,0.008292,0.00138,0.066304,0.006536,0.796171,0.033351,0.897163,0.017575,0.005261,0.055603,24000.0,0.005261,0.055603,0.005324,0.055972,24000.0,0.005324,0.055972,0.014291,0.087339,24000.0,0.014291,0.087339,670.0,1395969
